"ID","Nombre","Apellido","FECHA","ESTADO"
1,"Carlos","Mercury","2019-10-06",0
2,"Arturo","Campos","2019-09-08",0
3,"Pedro","Morgan","2019-07-22",0
4,"Carlos","Mercury","2019-10-06",0
5,"Arturo","Campos","2019-09-08",0
6,"Pedro","Morgan","2019-07-22",0
7,"Carlos","Mercury","2019-10-06",0
8,"Arturo","Campos","2019-09-08",0
9,"Pedro","Morgan","2019-07-22",0
10,"Carlos","Mercury","2019-10-06",0
11,"Arturo","Campos","2019-09-08",0
12,"Pedro","Morgan","2019-07-22",0
13,"Carlos","Mercury","2019-10-06",0
14,"Arturo","Campos","2019-09-08",0
15,"Pedro","Morgan","2019-07-22",0
16,"Carlos","Mercury","2019-10-06",0
17,"Arturo","Campos","2019-09-08",0
18,"Pedro","Morgan","2019-07-22",0
19,"Carlos","Mercury","2019-10-06",0
20,"Arturo","Campos","2019-09-08",0
21,"Pedro","Morgan","2019-07-22",0
22,"Carlos","Mercury","2019-10-06",0
23,"Arturo","Campos","2019-09-08",0
24,"Pedro","Morgan","2019-07-22",0
25,"Carlos","Mercury","2019-10-06",0
26,"Arturo","Campos","2019-09-08",0
27,"Pedro","Morgan","2019-07-22",0
28,"Carlos","Mercury","2019-10-06",0
29,"Arturo","Campos","2019-09-08",0
30,"Pedro","Morgan","2019-07-22",0
31,"Carlos","Mercury","2019-10-06",0
32,"Arturo","Campos","2019-09-08",0
33,"Pedro","Morgan","2019-07-22",0
34,"Carlos","Mercury","2019-10-06",0
35,"Arturo","Campos","2019-09-08",0
36,"Pedro","Morgan","2019-07-22",0
37,"Carlos","Mercury","2019-10-06",0
38,"Arturo","Campos","2019-09-08",0
39,"Pedro","Morgan","2019-07-22",0
40,"Carlos","Mercury","2019-10-06",0
41,"Arturo","Campos","2019-09-08",0
42,"Pedro","Morgan","2019-07-22",0
43,"Carlos","Mercury","2019-10-06",0
44,"Arturo","Campos","2019-09-08",0
45,"Pedro","Morgan","2019-07-22",0
46,"Carlos","Mercury","2019-10-06",0
47,"Arturo","Campos","2019-09-08",0
48,"Pedro","Morgan","2019-07-22",0
49,"Carlos","Mercury","2019-10-06",0
50,"Arturo","Campos","2019-09-08",0
51,"Pedro","Morgan","2019-07-22",0
52,"Carlos","Mercury","2019-10-06",0
53,"Arturo","Campos","2019-09-08",0
54,"Pedro","Morgan","2019-07-22",0
55,"Carlos","Mercury","2019-10-06",0
56,"Arturo","Campos","2019-09-08",0
57,"Pedro","Morgan","2019-07-22",0
58,"Carlos","Mercury","2019-10-06",0
59,"Arturo","Campos","2019-09-08",0
60,"Pedro","Morgan","2019-07-22",0
61,"Carlos","Mercury","2019-10-06",0
62,"Arturo","Campos","2019-09-08",0
63,"Pedro","Morgan","2019-07-22",0
64,"Carlos","Mercury","2019-10-06",0
65,"Arturo","Campos","2019-09-08",0
66,"Pedro","Morgan","2019-07-22",0
67,"Carlos","Mercury","2019-10-06",0
68,"Arturo","Campos","2019-09-08",0
69,"Pedro","Morgan","2019-07-22",0
70,"Carlos","Mercury","2019-10-06",0
71,"Arturo","Campos","2019-09-08",0
72,"Pedro","Morgan","2019-07-22",0
73,"Carlos","Mercury","2019-10-06",0
74,"Arturo","Campos","2019-09-08",0
75,"Pedro","Morgan","2019-07-22",0
76,"Carlos","Mercury","2019-10-06",0
77,"Arturo","Campos","2019-09-08",0
78,"Pedro","Morgan","2019-07-22",0
79,"Carlos","Mercury","2019-10-06",0
80,"Arturo","Campos","2019-09-08",0
81,"Pedro","Morgan","2019-07-22",0
82,"Carlos","Mercury","2019-10-06",0
83,"Arturo","Campos","2019-09-08",0
84,"Pedro","Morgan","2019-07-22",0
85,"Carlos","Mercury","2019-10-06",0
86,"Arturo","Campos","2019-09-08",0
87,"Pedro","Morgan","2019-07-22",0
88,"Carlos","Mercury","2019-10-06",0
89,"Arturo","Campos","2019-09-08",0
90,"Pedro","Morgan","2019-07-22",0
91,"Carlos","Mercury","2019-10-06",0
92,"Arturo","Campos","2019-09-08",0
93,"Pedro","Morgan","2019-07-22",0
94,"Carlos","Mercury","2019-10-06",0
95,"Arturo","Campos","2019-09-08",0
96,"Pedro","Morgan","2019-07-22",0
97,"Carlos","Mercury","2019-10-06",0
98,"Arturo","Campos","2019-09-08",0
99,"Pedro","Morgan","2019-07-22",0
100,"Carlos","Mercury","2019-10-06",0
101,"Arturo","Campos","2019-09-08",0
102,"Pedro","Morgan","2019-07-22",0
103,"Carlos","Mercury","2019-10-06",0
104,"Arturo","Campos","2019-09-08",0
105,"Pedro","Morgan","2019-07-22",0
106,"Carlos","Mercury","2019-10-06",0
107,"Arturo","Campos","2019-09-08",0
108,"Pedro","Morgan","2019-07-22",0
109,"Carlos","Mercury","2019-10-06",0
110,"Arturo","Campos","2019-09-08",0
111,"Pedro","Morgan","2019-07-22",0
112,"Carlos","Mercury","2019-10-06",0
113,"Arturo","Campos","2019-09-08",0
114,"Pedro","Morgan","2019-07-22",0
115,"Carlos","Mercury","2019-10-06",0
116,"Arturo","Campos","2019-09-08",0
117,"Pedro","Morgan","2019-07-22",0
118,"Carlos","Mercury","2019-10-06",0
119,"Arturo","Campos","2019-09-08",0
120,"Pedro","Morgan","2019-07-22",0
121,"Carlos","Mercury","2019-10-06",0
122,"Arturo","Campos","2019-09-08",0
123,"Pedro","Morgan","2019-07-22",0
124,"Carlos","Mercury","2019-10-06",0
125,"Arturo","Campos","2019-09-08",0
126,"Pedro","Morgan","2019-07-22",0
127,"Carlos","Mercury","2019-10-06",0
128,"Arturo","Campos","2019-09-08",0
129,"Pedro","Morgan","2019-07-22",0
130,"Carlos","Mercury","2019-10-06",0
131,"Arturo","Campos","2019-09-08",0
132,"Pedro","Morgan","2019-07-22",0
133,"Carlos","Mercury","2019-10-06",0
134,"Arturo","Campos","2019-09-08",0
135,"Pedro","Morgan","2019-07-22",0
136,"Carlos","Mercury","2019-10-06",0
137,"Arturo","Campos","2019-09-08",0
138,"Pedro","Morgan","2019-07-22",0
139,"Carlos","Mercury","2019-10-06",0
140,"Arturo","Campos","2019-09-08",0
141,"Pedro","Morgan","2019-07-22",0
142,"Carlos","Mercury","2019-10-06",0
143,"Arturo","Campos","2019-09-08",0
144,"Pedro","Morgan","2019-07-22",0
145,"Carlos","Mercury","2019-10-06",0
146,"Arturo","Campos","2019-09-08",0
147,"Pedro","Morgan","2019-07-22",0
148,"Carlos","Mercury","2019-10-06",0
149,"Arturo","Campos","2019-09-08",0
150,"Pedro","Morgan","2019-07-22",0
151,"Carlos","Mercury","2019-10-06",0
152,"Arturo","Campos","2019-09-08",0
153,"Pedro","Morgan","2019-07-22",0
154,"Carlos","Mercury","2019-10-06",0
155,"Arturo","Campos","2019-09-08",0
156,"Pedro","Morgan","2019-07-22",0
157,"Carlos","Mercury","2019-10-06",0
158,"Arturo","Campos","2019-09-08",0
159,"Pedro","Morgan","2019-07-22",0
160,"Carlos","Mercury","2019-10-06",0
161,"Arturo","Campos","2019-09-08",0
162,"Pedro","Morgan","2019-07-22",0
163,"Carlos","Mercury","2019-10-06",0
164,"Arturo","Campos","2019-09-08",0
165,"Pedro","Morgan","2019-07-22",0
166,"Carlos","Mercury","2019-10-06",0
167,"Arturo","Campos","2019-09-08",0
168,"Pedro","Morgan","2019-07-22",0
169,"Carlos","Mercury","2019-10-06",0
170,"Arturo","Campos","2019-09-08",0
171,"Pedro","Morgan","2019-07-22",0
172,"Carlos","Mercury","2019-10-06",0
173,"Arturo","Campos","2019-09-08",0
174,"Pedro","Morgan","2019-07-22",0
175,"Carlos","Mercury","2019-10-06",0
176,"Arturo","Campos","2019-09-08",0
177,"Pedro","Morgan","2019-07-22",0
178,"Carlos","Mercury","2019-10-06",0
179,"Arturo","Campos","2019-09-08",0
180,"Pedro","Morgan","2019-07-22",0
181,"Carlos","Mercury","2019-10-06",0
182,"Arturo","Campos","2019-09-08",0
183,"Pedro","Morgan","2019-07-22",0
184,"Carlos","Mercury","2019-10-06",0
185,"Arturo","Campos","2019-09-08",0
186,"Pedro","Morgan","2019-07-22",0
187,"Carlos","Mercury","2019-10-06",0
188,"Arturo","Campos","2019-09-08",0
189,"Pedro","Morgan","2019-07-22",0
190,"Carlos","Mercury","2019-10-06",0
191,"Arturo","Campos","2019-09-08",0
192,"Pedro","Morgan","2019-07-22",0
193,"Carlos","Mercury","2019-10-06",0
194,"Arturo","Campos","2019-09-08",0
195,"Pedro","Morgan","2019-07-22",0
196,"Carlos","Mercury","2019-10-06",0
197,"Arturo","Campos","2019-09-08",0
198,"Pedro","Morgan","2019-07-22",0
199,"Carlos","Mercury","2019-10-06",0
200,"Arturo","Campos","2019-09-08",0
201,"Pedro","Morgan","2019-07-22",0
202,"Carlos","Mercury","2019-10-06",0
203,"Arturo","Campos","2019-09-08",0
204,"Pedro","Morgan","2019-07-22",0
205,"Carlos","Mercury","2019-10-06",0
206,"Arturo","Campos","2019-09-08",0
207,"Pedro","Morgan","2019-07-22",0
208,"Carlos","Mercury","2019-10-06",0
209,"Arturo","Campos","2019-09-08",0
210,"Pedro","Morgan","2019-07-22",0
211,"Carlos","Mercury","2019-10-06",0
212,"Arturo","Campos","2019-09-08",0
213,"Pedro","Morgan","2019-07-22",0
214,"Carlos","Mercury","2019-10-06",0
215,"Arturo","Campos","2019-09-08",0
216,"Pedro","Morgan","2019-07-22",0
217,"Carlos","Mercury","2019-10-06",0
218,"Arturo","Campos","2019-09-08",0
219,"Pedro","Morgan","2019-07-22",0
220,"Carlos","Mercury","2019-10-06",0
221,"Arturo","Campos","2019-09-08",0
222,"Pedro","Morgan","2019-07-22",0
223,"Carlos","Mercury","2019-10-06",0
224,"Arturo","Campos","2019-09-08",0
225,"Pedro","Morgan","2019-07-22",0
226,"Carlos","Mercury","2019-10-06",0
227,"Arturo","Campos","2019-09-08",0
228,"Pedro","Morgan","2019-07-22",0
229,"Carlos","Mercury","2019-10-06",0
230,"Arturo","Campos","2019-09-08",0
231,"Pedro","Morgan","2019-07-22",0
232,"Carlos","Mercury","2019-10-06",0
233,"Arturo","Campos","2019-09-08",0
234,"Pedro","Morgan","2019-07-22",0
235,"Carlos","Mercury","2019-10-06",0
236,"Arturo","Campos","2019-09-08",0
237,"Pedro","Morgan","2019-07-22",0
238,"Carlos","Mercury","2019-10-06",0
239,"Arturo","Campos","2019-09-08",0
240,"Pedro","Morgan","2019-07-22",0
241,"Carlos","Mercury","2019-10-06",0
242,"Arturo","Campos","2019-09-08",0
243,"Pedro","Morgan","2019-07-22",0
244,"Carlos","Mercury","2019-10-06",0
245,"Arturo","Campos","2019-09-08",0
246,"Pedro","Morgan","2019-07-22",0
247,"Carlos","Mercury","2019-10-06",0
248,"Arturo","Campos","2019-09-08",0
249,"Pedro","Morgan","2019-07-22",0
250,"Carlos","Mercury","2019-10-06",0
251,"Arturo","Campos","2019-09-08",0
252,"Pedro","Morgan","2019-07-22",0
253,"Carlos","Mercury","2019-10-06",0
254,"Arturo","Campos","2019-09-08",0
255,"Pedro","Morgan","2019-07-22",0
256,"Carlos","Mercury","2019-10-06",0
257,"Arturo","Campos","2019-09-08",0
258,"Pedro","Morgan","2019-07-22",0
259,"Carlos","Mercury","2019-10-06",0
260,"Arturo","Campos","2019-09-08",0
261,"Pedro","Morgan","2019-07-22",0
262,"Carlos","Mercury","2019-10-06",0
263,"Arturo","Campos","2019-09-08",0
264,"Pedro","Morgan","2019-07-22",0
265,"Carlos","Mercury","2019-10-06",0
266,"Arturo","Campos","2019-09-08",0
267,"Pedro","Morgan","2019-07-22",0
268,"Carlos","Mercury","2019-10-06",0
269,"Arturo","Campos","2019-09-08",0
270,"Pedro","Morgan","2019-07-22",0
271,"Carlos","Mercury","2019-10-06",0
272,"Arturo","Campos","2019-09-08",0
273,"Pedro","Morgan","2019-07-22",0
274,"Carlos","Mercury","2019-10-06",0
275,"Arturo","Campos","2019-09-08",0
276,"Pedro","Morgan","2019-07-22",0
277,"Carlos","Mercury","2019-10-06",0
278,"Arturo","Campos","2019-09-08",0
279,"Pedro","Morgan","2019-07-22",0
280,"Carlos","Mercury","2019-10-06",0
281,"Arturo","Campos","2019-09-08",0
282,"Pedro","Morgan","2019-07-22",0
283,"Carlos","Mercury","2019-10-06",0
284,"Arturo","Campos","2019-09-08",0
285,"Pedro","Morgan","2019-07-22",0
286,"Carlos","Mercury","2019-10-06",0
287,"Arturo","Campos","2019-09-08",0
288,"Pedro","Morgan","2019-07-22",0
289,"Carlos","Mercury","2019-10-06",0
290,"Arturo","Campos","2019-09-08",0
291,"Pedro","Morgan","2019-07-22",0
292,"Carlos","Mercury","2019-10-06",0
293,"Arturo","Campos","2019-09-08",0
294,"Pedro","Morgan","2019-07-22",0
295,"Carlos","Mercury","2019-10-06",0
296,"Arturo","Campos","2019-09-08",0
297,"Pedro","Morgan","2019-07-22",0
298,"Carlos","Mercury","2019-10-06",0
299,"Arturo","Campos","2019-09-08",0
300,"Pedro","Morgan","2019-07-22",0
301,"Carlos","Mercury","2019-10-06",0
302,"Arturo","Campos","2019-09-08",0
303,"Pedro","Morgan","2019-07-22",0
304,"Carlos","Mercury","2019-10-06",0
305,"Arturo","Campos","2019-09-08",0
306,"Pedro","Morgan","2019-07-22",0
307,"Carlos","Mercury","2019-10-06",0
308,"Arturo","Campos","2019-09-08",0
309,"Pedro","Morgan","2019-07-22",0
310,"Carlos","Mercury","2019-10-06",0
311,"Arturo","Campos","2019-09-08",0
312,"Pedro","Morgan","2019-07-22",0
313,"Carlos","Mercury","2019-10-06",0
314,"Arturo","Campos","2019-09-08",0
315,"Pedro","Morgan","2019-07-22",0
316,"Carlos","Mercury","2019-10-06",0
317,"Arturo","Campos","2019-09-08",0
318,"Pedro","Morgan","2019-07-22",0
319,"Carlos","Mercury","2019-10-06",0
320,"Arturo","Campos","2019-09-08",0
321,"Pedro","Morgan","2019-07-22",0
322,"Carlos","Mercury","2019-10-06",0
323,"Arturo","Campos","2019-09-08",0
324,"Pedro","Morgan","2019-07-22",0
325,"Carlos","Mercury","2019-10-06",0
326,"Arturo","Campos","2019-09-08",0
327,"Pedro","Morgan","2019-07-22",0
328,"Carlos","Mercury","2019-10-06",0
329,"Arturo","Campos","2019-09-08",0
330,"Pedro","Morgan","2019-07-22",0
331,"Carlos","Mercury","2019-10-06",0
332,"Arturo","Campos","2019-09-08",0
333,"Pedro","Morgan","2019-07-22",0
334,"Carlos","Mercury","2019-10-06",0
335,"Arturo","Campos","2019-09-08",0
336,"Pedro","Morgan","2019-07-22",0
337,"Carlos","Mercury","2019-10-06",0
338,"Arturo","Campos","2019-09-08",0
339,"Pedro","Morgan","2019-07-22",0
340,"Carlos","Mercury","2019-10-06",0
341,"Arturo","Campos","2019-09-08",0
342,"Pedro","Morgan","2019-07-22",0
343,"Carlos","Mercury","2019-10-06",0
344,"Arturo","Campos","2019-09-08",0
345,"Pedro","Morgan","2019-07-22",0
346,"Carlos","Mercury","2019-10-06",0
347,"Arturo","Campos","2019-09-08",0
348,"Pedro","Morgan","2019-07-22",0
349,"Carlos","Mercury","2019-10-06",0
350,"Arturo","Campos","2019-09-08",0
351,"Pedro","Morgan","2019-07-22",0
352,"Carlos","Mercury","2019-10-06",0
353,"Arturo","Campos","2019-09-08",0
354,"Pedro","Morgan","2019-07-22",0
355,"Carlos","Mercury","2019-10-06",0
356,"Arturo","Campos","2019-09-08",0
357,"Pedro","Morgan","2019-07-22",0
358,"Carlos","Mercury","2019-10-06",0
359,"Arturo","Campos","2019-09-08",0
360,"Pedro","Morgan","2019-07-22",0
361,"Carlos","Mercury","2019-10-06",0
362,"Arturo","Campos","2019-09-08",0
363,"Pedro","Morgan","2019-07-22",0
364,"Carlos","Mercury","2019-10-06",0
365,"Arturo","Campos","2019-09-08",0
366,"Pedro","Morgan","2019-07-22",0
367,"Carlos","Mercury","2019-10-06",0
368,"Arturo","Campos","2019-09-08",0
369,"Pedro","Morgan","2019-07-22",0
370,"Carlos","Mercury","2019-10-06",0
371,"Arturo","Campos","2019-09-08",0
372,"Pedro","Morgan","2019-07-22",0
373,"Carlos","Mercury","2019-10-06",0
374,"Arturo","Campos","2019-09-08",0
375,"Pedro","Morgan","2019-07-22",0
376,"Carlos","Mercury","2019-10-06",0
377,"Arturo","Campos","2019-09-08",0
378,"Pedro","Morgan","2019-07-22",0
379,"Carlos","Mercury","2019-10-06",0
380,"Arturo","Campos","2019-09-08",0
381,"Pedro","Morgan","2019-07-22",0
382,"Carlos","Mercury","2019-10-06",0
383,"Arturo","Campos","2019-09-08",0
384,"Pedro","Morgan","2019-07-22",0
385,"Carlos","Mercury","2019-10-06",0
386,"Arturo","Campos","2019-09-08",0
387,"Pedro","Morgan","2019-07-22",0
388,"Carlos","Mercury","2019-10-06",0
389,"Arturo","Campos","2019-09-08",0
390,"Pedro","Morgan","2019-07-22",0
391,"Carlos","Mercury","2019-10-06",0
392,"Arturo","Campos","2019-09-08",0
393,"Pedro","Morgan","2019-07-22",0
394,"Carlos","Mercury","2019-10-06",0
395,"Arturo","Campos","2019-09-08",0
396,"Pedro","Morgan","2019-07-22",0
397,"Carlos","Mercury","2019-10-06",0
398,"Arturo","Campos","2019-09-08",0
399,"Pedro","Morgan","2019-07-22",0
400,"Carlos","Mercury","2019-10-06",0
401,"Arturo","Campos","2019-09-08",0
402,"Pedro","Morgan","2019-07-22",0
403,"Carlos","Mercury","2019-10-06",0
404,"Arturo","Campos","2019-09-08",0
405,"Pedro","Morgan","2019-07-22",0
406,"Carlos","Mercury","2019-10-06",0
407,"Arturo","Campos","2019-09-08",0
408,"Pedro","Morgan","2019-07-22",0
409,"Carlos","Mercury","2019-10-06",0
410,"Arturo","Campos","2019-09-08",0
411,"Pedro","Morgan","2019-07-22",0
412,"Carlos","Mercury","2019-10-06",0
413,"Arturo","Campos","2019-09-08",0
414,"Pedro","Morgan","2019-07-22",0
415,"Carlos","Mercury","2019-10-06",0
416,"Arturo","Campos","2019-09-08",0
417,"Pedro","Morgan","2019-07-22",0
418,"Carlos","Mercury","2019-10-06",0
419,"Arturo","Campos","2019-09-08",0
420,"Pedro","Morgan","2019-07-22",0
421,"Carlos","Mercury","2019-10-06",0
422,"Arturo","Campos","2019-09-08",0
423,"Pedro","Morgan","2019-07-22",0
424,"Carlos","Mercury","2019-10-06",0
425,"Arturo","Campos","2019-09-08",0
426,"Pedro","Morgan","2019-07-22",0
427,"Carlos","Mercury","2019-10-06",0
428,"Arturo","Campos","2019-09-08",0
429,"Pedro","Morgan","2019-07-22",0
430,"Carlos","Mercury","2019-10-06",0
431,"Arturo","Campos","2019-09-08",0
432,"Pedro","Morgan","2019-07-22",0
433,"Carlos","Mercury","2019-10-06",0
434,"Arturo","Campos","2019-09-08",0
435,"Pedro","Morgan","2019-07-22",0
436,"Carlos","Mercury","2019-10-06",0
437,"Arturo","Campos","2019-09-08",0
438,"Pedro","Morgan","2019-07-22",0
439,"Carlos","Mercury","2019-10-06",0
440,"Arturo","Campos","2019-09-08",0
441,"Pedro","Morgan","2019-07-22",0
442,"Carlos","Mercury","2019-10-06",0
443,"Arturo","Campos","2019-09-08",0
444,"Pedro","Morgan","2019-07-22",0
445,"Carlos","Mercury","2019-10-06",0
446,"Arturo","Campos","2019-09-08",0
447,"Pedro","Morgan","2019-07-22",0
448,"Carlos","Mercury","2019-10-06",0
449,"Arturo","Campos","2019-09-08",0
450,"Pedro","Morgan","2019-07-22",0
451,"Carlos","Mercury","2019-10-06",0
452,"Arturo","Campos","2019-09-08",0
453,"Pedro","Morgan","2019-07-22",0
454,"Carlos","Mercury","2019-10-06",0
455,"Arturo","Campos","2019-09-08",0
456,"Pedro","Morgan","2019-07-22",0
457,"Carlos","Mercury","2019-10-06",0
458,"Arturo","Campos","2019-09-08",0
459,"Pedro","Morgan","2019-07-22",0
460,"Carlos","Mercury","2019-10-06",0
461,"Arturo","Campos","2019-09-08",0
462,"Pedro","Morgan","2019-07-22",0
463,"Carlos","Mercury","2019-10-06",0
464,"Arturo","Campos","2019-09-08",0
465,"Pedro","Morgan","2019-07-22",0
466,"Carlos","Mercury","2019-10-06",0
467,"Arturo","Campos","2019-09-08",0
468,"Pedro","Morgan","2019-07-22",0
469,"Carlos","Mercury","2019-10-06",0
470,"Arturo","Campos","2019-09-08",0
471,"Pedro","Morgan","2019-07-22",0
472,"Carlos","Mercury","2019-10-06",0
473,"Arturo","Campos","2019-09-08",0
474,"Pedro","Morgan","2019-07-22",0
475,"Carlos","Mercury","2019-10-06",0
476,"Arturo","Campos","2019-09-08",0
477,"Pedro","Morgan","2019-07-22",0
478,"Carlos","Mercury","2019-10-06",0
479,"Arturo","Campos","2019-09-08",0
480,"Pedro","Morgan","2019-07-22",0
481,"Carlos","Mercury","2019-10-06",0
482,"Arturo","Campos","2019-09-08",0
483,"Pedro","Morgan","2019-07-22",0
484,"Carlos","Mercury","2019-10-06",0
485,"Arturo","Campos","2019-09-08",0
486,"Pedro","Morgan","2019-07-22",0
487,"Carlos","Mercury","2019-10-06",0
488,"Arturo","Campos","2019-09-08",0
489,"Pedro","Morgan","2019-07-22",0
490,"Carlos","Mercury","2019-10-06",0
491,"Arturo","Campos","2019-09-08",0
492,"Pedro","Morgan","2019-07-22",0
493,"Carlos","Mercury","2019-10-06",0
494,"Arturo","Campos","2019-09-08",0
495,"Pedro","Morgan","2019-07-22",0
496,"Carlos","Mercury","2019-10-06",0
497,"Arturo","Campos","2019-09-08",0
498,"Pedro","Morgan","2019-07-22",0
499,"Carlos","Mercury","2019-10-06",0
500,"Arturo","Campos","2019-09-08",0
501,"Pedro","Morgan","2019-07-22",0
502,"Carlos","Mercury","2019-10-06",0
503,"Arturo","Campos","2019-09-08",0
504,"Pedro","Morgan","2019-07-22",0
505,"Carlos","Mercury","2019-10-06",0
506,"Arturo","Campos","2019-09-08",0
507,"Pedro","Morgan","2019-07-22",0
508,"Carlos","Mercury","2019-10-06",0
509,"Arturo","Campos","2019-09-08",0
510,"Pedro","Morgan","2019-07-22",0
511,"Carlos","Mercury","2019-10-06",0
512,"Arturo","Campos","2019-09-08",0
513,"Pedro","Morgan","2019-07-22",0
514,"Carlos","Mercury","2019-10-06",0
515,"Arturo","Campos","2019-09-08",0
516,"Pedro","Morgan","2019-07-22",0
517,"Carlos","Mercury","2019-10-06",0
518,"Arturo","Campos","2019-09-08",0
519,"Pedro","Morgan","2019-07-22",0
520,"Carlos","Mercury","2019-10-06",0
521,"Arturo","Campos","2019-09-08",0
522,"Pedro","Morgan","2019-07-22",0
523,"Carlos","Mercury","2019-10-06",0
524,"Arturo","Campos","2019-09-08",0
525,"Pedro","Morgan","2019-07-22",0
526,"Carlos","Mercury","2019-10-06",0
527,"Arturo","Campos","2019-09-08",0
528,"Pedro","Morgan","2019-07-22",0
529,"Carlos","Mercury","2019-10-06",0
530,"Arturo","Campos","2019-09-08",0
531,"Pedro","Morgan","2019-07-22",0
532,"Carlos","Mercury","2019-10-06",0
533,"Arturo","Campos","2019-09-08",0
534,"Pedro","Morgan","2019-07-22",0
535,"Carlos","Mercury","2019-10-06",0
536,"Arturo","Campos","2019-09-08",0
537,"Pedro","Morgan","2019-07-22",0
538,"Carlos","Mercury","2019-10-06",0
539,"Arturo","Campos","2019-09-08",0
540,"Pedro","Morgan","2019-07-22",0
541,"Carlos","Mercury","2019-10-06",0
542,"Arturo","Campos","2019-09-08",0
543,"Pedro","Morgan","2019-07-22",0
544,"Carlos","Mercury","2019-10-06",0
545,"Arturo","Campos","2019-09-08",0
546,"Pedro","Morgan","2019-07-22",0
547,"Carlos","Mercury","2019-10-06",0
548,"Arturo","Campos","2019-09-08",0
549,"Pedro","Morgan","2019-07-22",0
550,"Carlos","Mercury","2019-10-06",0
551,"Arturo","Campos","2019-09-08",0
552,"Pedro","Morgan","2019-07-22",0
553,"Carlos","Mercury","2019-10-06",0
554,"Arturo","Campos","2019-09-08",0
555,"Pedro","Morgan","2019-07-22",0
556,"Carlos","Mercury","2019-10-06",0
557,"Arturo","Campos","2019-09-08",0
558,"Pedro","Morgan","2019-07-22",0
559,"Carlos","Mercury","2019-10-06",0
560,"Arturo","Campos","2019-09-08",0
561,"Pedro","Morgan","2019-07-22",0
562,"Carlos","Mercury","2019-10-06",0
563,"Arturo","Campos","2019-09-08",0
564,"Pedro","Morgan","2019-07-22",0
565,"Carlos","Mercury","2019-10-06",0
566,"Arturo","Campos","2019-09-08",0
567,"Pedro","Morgan","2019-07-22",0
568,"Carlos","Mercury","2019-10-06",0
569,"Arturo","Campos","2019-09-08",0
570,"Pedro","Morgan","2019-07-22",0
571,"Carlos","Mercury","2019-10-06",0
572,"Arturo","Campos","2019-09-08",0
573,"Pedro","Morgan","2019-07-22",0
574,"Carlos","Mercury","2019-10-06",0
575,"Arturo","Campos","2019-09-08",0
576,"Pedro","Morgan","2019-07-22",0
577,"Carlos","Mercury","2019-10-06",0
578,"Arturo","Campos","2019-09-08",0
579,"Pedro","Morgan","2019-07-22",0
580,"Carlos","Mercury","2019-10-06",0
581,"Arturo","Campos","2019-09-08",0
582,"Pedro","Morgan","2019-07-22",0
583,"Carlos","Mercury","2019-10-06",0
584,"Arturo","Campos","2019-09-08",0
585,"Pedro","Morgan","2019-07-22",0
586,"Carlos","Mercury","2019-10-06",0
587,"Arturo","Campos","2019-09-08",0
588,"Pedro","Morgan","2019-07-22",0
589,"Carlos","Mercury","2019-10-06",0
590,"Arturo","Campos","2019-09-08",0
591,"Pedro","Morgan","2019-07-22",0
592,"Carlos","Mercury","2019-10-06",0
593,"Arturo","Campos","2019-09-08",0
594,"Pedro","Morgan","2019-07-22",0
595,"Carlos","Mercury","2019-10-06",0
596,"Arturo","Campos","2019-09-08",0
597,"Pedro","Morgan","2019-07-22",0
598,"Carlos","Mercury","2019-10-06",0
599,"Arturo","Campos","2019-09-08",0
600,"Pedro","Morgan","2019-07-22",0
601,"Carlos","Mercury","2019-10-06",0
602,"Arturo","Campos","2019-09-08",0
603,"Pedro","Morgan","2019-07-22",0
604,"Carlos","Mercury","2019-10-06",0
605,"Arturo","Campos","2019-09-08",0
606,"Pedro","Morgan","2019-07-22",0
607,"Carlos","Mercury","2019-10-06",0
608,"Arturo","Campos","2019-09-08",0
609,"Pedro","Morgan","2019-07-22",0
610,"Carlos","Mercury","2019-10-06",0
611,"Arturo","Campos","2019-09-08",0
612,"Pedro","Morgan","2019-07-22",0
613,"Carlos","Mercury","2019-10-06",0
614,"Arturo","Campos","2019-09-08",0
615,"Pedro","Morgan","2019-07-22",0
616,"Carlos","Mercury","2019-10-06",0
617,"Arturo","Campos","2019-09-08",0
618,"Pedro","Morgan","2019-07-22",0
619,"Carlos","Mercury","2019-10-06",0
620,"Arturo","Campos","2019-09-08",0
621,"Pedro","Morgan","2019-07-22",0
622,"Carlos","Mercury","2019-10-06",0
623,"Arturo","Campos","2019-09-08",0
624,"Pedro","Morgan","2019-07-22",0
625,"Carlos","Mercury","2019-10-06",0
626,"Arturo","Campos","2019-09-08",0
627,"Pedro","Morgan","2019-07-22",0
628,"Carlos","Mercury","2019-10-06",0
629,"Arturo","Campos","2019-09-08",0
630,"Pedro","Morgan","2019-07-22",0
631,"Carlos","Mercury","2019-10-06",0
632,"Arturo","Campos","2019-09-08",0
633,"Pedro","Morgan","2019-07-22",0
634,"Carlos","Mercury","2019-10-06",0
635,"Arturo","Campos","2019-09-08",0
636,"Pedro","Morgan","2019-07-22",0
637,"Carlos","Mercury","2019-10-06",0
638,"Arturo","Campos","2019-09-08",0
639,"Pedro","Morgan","2019-07-22",0
640,"Carlos","Mercury","2019-10-06",0
641,"Arturo","Campos","2019-09-08",0
642,"Pedro","Morgan","2019-07-22",0
643,"Carlos","Mercury","2019-10-06",0
644,"Arturo","Campos","2019-09-08",0
645,"Pedro","Morgan","2019-07-22",0
646,"Carlos","Mercury","2019-10-06",0
647,"Arturo","Campos","2019-09-08",0
648,"Pedro","Morgan","2019-07-22",0
649,"Carlos","Mercury","2019-10-06",0
650,"Arturo","Campos","2019-09-08",0
651,"Pedro","Morgan","2019-07-22",0
652,"Carlos","Mercury","2019-10-06",0
653,"Arturo","Campos","2019-09-08",0
654,"Pedro","Morgan","2019-07-22",0
655,"Carlos","Mercury","2019-10-06",0
656,"Arturo","Campos","2019-09-08",0
657,"Pedro","Morgan","2019-07-22",0
658,"Carlos","Mercury","2019-10-06",0
659,"Arturo","Campos","2019-09-08",0
660,"Pedro","Morgan","2019-07-22",0
661,"Carlos","Mercury","2019-10-06",0
662,"Arturo","Campos","2019-09-08",0
663,"Pedro","Morgan","2019-07-22",0
664,"Carlos","Mercury","2019-10-06",0
665,"Arturo","Campos","2019-09-08",0
666,"Pedro","Morgan","2019-07-22",0
667,"Carlos","Mercury","2019-10-06",0
668,"Arturo","Campos","2019-09-08",0
669,"Pedro","Morgan","2019-07-22",0
670,"Carlos","Mercury","2019-10-06",0
671,"Arturo","Campos","2019-09-08",0
672,"Pedro","Morgan","2019-07-22",0
673,"Carlos","Mercury","2019-10-06",0
674,"Arturo","Campos","2019-09-08",0
675,"Pedro","Morgan","2019-07-22",0
676,"Carlos","Mercury","2019-10-06",0
677,"Arturo","Campos","2019-09-08",0
678,"Pedro","Morgan","2019-07-22",0
679,"Carlos","Mercury","2019-10-06",0
680,"Arturo","Campos","2019-09-08",0
681,"Pedro","Morgan","2019-07-22",0
682,"Carlos","Mercury","2019-10-06",0
683,"Arturo","Campos","2019-09-08",0
684,"Pedro","Morgan","2019-07-22",0
685,"Carlos","Mercury","2019-10-06",0
686,"Arturo","Campos","2019-09-08",0
687,"Pedro","Morgan","2019-07-22",0
688,"Carlos","Mercury","2019-10-06",0
689,"Arturo","Campos","2019-09-08",0
690,"Pedro","Morgan","2019-07-22",0
691,"Carlos","Mercury","2019-10-06",0
692,"Arturo","Campos","2019-09-08",0
693,"Pedro","Morgan","2019-07-22",0
694,"Carlos","Mercury","2019-10-06",0
695,"Arturo","Campos","2019-09-08",0
696,"Pedro","Morgan","2019-07-22",0
697,"Carlos","Mercury","2019-10-06",0
698,"Arturo","Campos","2019-09-08",0
699,"Pedro","Morgan","2019-07-22",0
700,"Carlos","Mercury","2019-10-06",0
701,"Arturo","Campos","2019-09-08",0
702,"Pedro","Morgan","2019-07-22",0
703,"Carlos","Mercury","2019-10-06",0
704,"Arturo","Campos","2019-09-08",0
705,"Pedro","Morgan","2019-07-22",0
706,"Carlos","Mercury","2019-10-06",0
707,"Arturo","Campos","2019-09-08",0
708,"Pedro","Morgan","2019-07-22",0
709,"Carlos","Mercury","2019-10-06",0
710,"Arturo","Campos","2019-09-08",0
711,"Pedro","Morgan","2019-07-22",0
712,"Carlos","Mercury","2019-10-06",0
713,"Arturo","Campos","2019-09-08",0
714,"Pedro","Morgan","2019-07-22",0
715,"Carlos","Mercury","2019-10-06",0
716,"Arturo","Campos","2019-09-08",0
717,"Pedro","Morgan","2019-07-22",0
718,"Carlos","Mercury","2019-10-06",0
719,"Arturo","Campos","2019-09-08",0
720,"Pedro","Morgan","2019-07-22",0
721,"Carlos","Mercury","2019-10-06",0
722,"Arturo","Campos","2019-09-08",0
723,"Pedro","Morgan","2019-07-22",0
724,"Carlos","Mercury","2019-10-06",0
725,"Arturo","Campos","2019-09-08",0
726,"Pedro","Morgan","2019-07-22",0
727,"Carlos","Mercury","2019-10-06",0
728,"Arturo","Campos","2019-09-08",0
729,"Pedro","Morgan","2019-07-22",0
730,"Carlos","Mercury","2019-10-06",0
731,"Arturo","Campos","2019-09-08",0
732,"Pedro","Morgan","2019-07-22",0
733,"Carlos","Mercury","2019-10-06",0
734,"Arturo","Campos","2019-09-08",0
735,"Pedro","Morgan","2019-07-22",0
736,"Carlos","Mercury","2019-10-06",0
737,"Arturo","Campos","2019-09-08",0
738,"Pedro","Morgan","2019-07-22",0
739,"Carlos","Mercury","2019-10-06",0
740,"Arturo","Campos","2019-09-08",0
741,"Pedro","Morgan","2019-07-22",0
742,"Carlos","Mercury","2019-10-06",0
743,"Arturo","Campos","2019-09-08",0
744,"Pedro","Morgan","2019-07-22",0
745,"Carlos","Mercury","2019-10-06",0
746,"Arturo","Campos","2019-09-08",0
747,"Pedro","Morgan","2019-07-22",0
748,"Carlos","Mercury","2019-10-06",0
749,"Arturo","Campos","2019-09-08",0
750,"Pedro","Morgan","2019-07-22",0
751,"Carlos","Mercury","2019-10-06",0
752,"Arturo","Campos","2019-09-08",0
753,"Pedro","Morgan","2019-07-22",0
754,"Carlos","Mercury","2019-10-06",0
755,"Arturo","Campos","2019-09-08",0
756,"Pedro","Morgan","2019-07-22",0
757,"Carlos","Mercury","2019-10-06",0
758,"Arturo","Campos","2019-09-08",0
759,"Pedro","Morgan","2019-07-22",0
760,"Carlos","Mercury","2019-10-06",0
761,"Arturo","Campos","2019-09-08",0
762,"Pedro","Morgan","2019-07-22",0
763,"Carlos","Mercury","2019-10-06",0
764,"Arturo","Campos","2019-09-08",0
765,"Pedro","Morgan","2019-07-22",0
766,"Carlos","Mercury","2019-10-06",0
767,"Arturo","Campos","2019-09-08",0
768,"Pedro","Morgan","2019-07-22",0
769,"Carlos","Mercury","2019-10-06",0
770,"Arturo","Campos","2019-09-08",0
771,"Pedro","Morgan","2019-07-22",0
772,"Carlos","Mercury","2019-10-06",0
773,"Arturo","Campos","2019-09-08",0
774,"Pedro","Morgan","2019-07-22",0
775,"Carlos","Mercury","2019-10-06",0
776,"Arturo","Campos","2019-09-08",0
777,"Pedro","Morgan","2019-07-22",0
778,"Carlos","Mercury","2019-10-06",0
779,"Arturo","Campos","2019-09-08",0
780,"Pedro","Morgan","2019-07-22",0
781,"Carlos","Mercury","2019-10-06",0
782,"Arturo","Campos","2019-09-08",0
783,"Pedro","Morgan","2019-07-22",0
784,"Carlos","Mercury","2019-10-06",0
785,"Arturo","Campos","2019-09-08",0
786,"Pedro","Morgan","2019-07-22",0
787,"Carlos","Mercury","2019-10-06",0
788,"Arturo","Campos","2019-09-08",0
789,"Pedro","Morgan","2019-07-22",0
790,"Carlos","Mercury","2019-10-06",0
791,"Arturo","Campos","2019-09-08",0
792,"Pedro","Morgan","2019-07-22",0
793,"Carlos","Mercury","2019-10-06",0
794,"Arturo","Campos","2019-09-08",0
795,"Pedro","Morgan","2019-07-22",0
796,"Carlos","Mercury","2019-10-06",0
797,"Arturo","Campos","2019-09-08",0
798,"Pedro","Morgan","2019-07-22",0
799,"Carlos","Mercury","2019-10-06",0
800,"Arturo","Campos","2019-09-08",0
801,"Pedro","Morgan","2019-07-22",0
802,"Carlos","Mercury","2019-10-06",0
803,"Arturo","Campos","2019-09-08",0
804,"Pedro","Morgan","2019-07-22",0
805,"Carlos","Mercury","2019-10-06",0
806,"Arturo","Campos","2019-09-08",0
807,"Pedro","Morgan","2019-07-22",0
808,"Carlos","Mercury","2019-10-06",0
809,"Arturo","Campos","2019-09-08",0
810,"Pedro","Morgan","2019-07-22",0
811,"Carlos","Mercury","2019-10-06",0
812,"Arturo","Campos","2019-09-08",0
813,"Pedro","Morgan","2019-07-22",0
814,"Carlos","Mercury","2019-10-06",0
815,"Arturo","Campos","2019-09-08",0
816,"Pedro","Morgan","2019-07-22",0
817,"Carlos","Mercury","2019-10-06",0
818,"Arturo","Campos","2019-09-08",0
819,"Pedro","Morgan","2019-07-22",0
820,"Carlos","Mercury","2019-10-06",0
821,"Arturo","Campos","2019-09-08",0
822,"Pedro","Morgan","2019-07-22",0
823,"Carlos","Mercury","2019-10-06",0
824,"Arturo","Campos","2019-09-08",0
825,"Pedro","Morgan","2019-07-22",0
826,"Carlos","Mercury","2019-10-06",0
827,"Arturo","Campos","2019-09-08",0
828,"Pedro","Morgan","2019-07-22",0
829,"Carlos","Mercury","2019-10-06",0
830,"Arturo","Campos","2019-09-08",0
831,"Pedro","Morgan","2019-07-22",0
832,"Carlos","Mercury","2019-10-06",0
833,"Arturo","Campos","2019-09-08",0
834,"Pedro","Morgan","2019-07-22",0
835,"Carlos","Mercury","2019-10-06",0
836,"Arturo","Campos","2019-09-08",0
837,"Pedro","Morgan","2019-07-22",0
838,"Carlos","Mercury","2019-10-06",0
839,"Arturo","Campos","2019-09-08",0
840,"Pedro","Morgan","2019-07-22",0
841,"Carlos","Mercury","2019-10-06",0
842,"Arturo","Campos","2019-09-08",0
843,"Pedro","Morgan","2019-07-22",0
844,"Carlos","Mercury","2019-10-06",0
845,"Arturo","Campos","2019-09-08",0
846,"Pedro","Morgan","2019-07-22",0
847,"Carlos","Mercury","2019-10-06",0
848,"Arturo","Campos","2019-09-08",0
849,"Pedro","Morgan","2019-07-22",0
850,"Carlos","Mercury","2019-10-06",0
851,"Arturo","Campos","2019-09-08",0
852,"Pedro","Morgan","2019-07-22",0
853,"Carlos","Mercury","2019-10-06",0
854,"Arturo","Campos","2019-09-08",0
855,"Pedro","Morgan","2019-07-22",0
856,"Carlos","Mercury","2019-10-06",0
857,"Arturo","Campos","2019-09-08",0
858,"Pedro","Morgan","2019-07-22",0
859,"Carlos","Mercury","2019-10-06",0
860,"Arturo","Campos","2019-09-08",0
861,"Pedro","Morgan","2019-07-22",0
862,"Carlos","Mercury","2019-10-06",0
863,"Arturo","Campos","2019-09-08",0
864,"Pedro","Morgan","2019-07-22",0
865,"Carlos","Mercury","2019-10-06",0
866,"Arturo","Campos","2019-09-08",0
867,"Pedro","Morgan","2019-07-22",0
868,"Carlos","Mercury","2019-10-06",0
869,"Arturo","Campos","2019-09-08",0
870,"Pedro","Morgan","2019-07-22",0
871,"Carlos","Mercury","2019-10-06",0
872,"Arturo","Campos","2019-09-08",0
873,"Pedro","Morgan","2019-07-22",0
874,"Carlos","Mercury","2019-10-06",0
875,"Arturo","Campos","2019-09-08",0
876,"Pedro","Morgan","2019-07-22",0
877,"Carlos","Mercury","2019-10-06",0
878,"Arturo","Campos","2019-09-08",0
879,"Pedro","Morgan","2019-07-22",0
880,"Carlos","Mercury","2019-10-06",0
881,"Arturo","Campos","2019-09-08",0
882,"Pedro","Morgan","2019-07-22",0
883,"Carlos","Mercury","2019-10-06",0
884,"Arturo","Campos","2019-09-08",0
885,"Pedro","Morgan","2019-07-22",0
886,"Carlos","Mercury","2019-10-06",0
887,"Arturo","Campos","2019-09-08",0
888,"Pedro","Morgan","2019-07-22",0
889,"Carlos","Mercury","2019-10-06",0
890,"Arturo","Campos","2019-09-08",0
891,"Pedro","Morgan","2019-07-22",0
892,"Carlos","Mercury","2019-10-06",0
893,"Arturo","Campos","2019-09-08",0
894,"Pedro","Morgan","2019-07-22",0
895,"Carlos","Mercury","2019-10-06",0
896,"Arturo","Campos","2019-09-08",0
897,"Pedro","Morgan","2019-07-22",0
898,"Carlos","Mercury","2019-10-06",0
899,"Arturo","Campos","2019-09-08",0
900,"Pedro","Morgan","2019-07-22",0
901,"Carlos","Mercury","2019-10-06",0
902,"Arturo","Campos","2019-09-08",0
903,"Pedro","Morgan","2019-07-22",0
904,"Carlos","Mercury","2019-10-06",0
905,"Arturo","Campos","2019-09-08",0
906,"Pedro","Morgan","2019-07-22",0
907,"Carlos","Mercury","2019-10-06",0
908,"Arturo","Campos","2019-09-08",0
909,"Pedro","Morgan","2019-07-22",0
910,"Carlos","Mercury","2019-10-06",0
911,"Arturo","Campos","2019-09-08",0
912,"Pedro","Morgan","2019-07-22",0
913,"Carlos","Mercury","2019-10-06",0
914,"Arturo","Campos","2019-09-08",0
915,"Pedro","Morgan","2019-07-22",0
916,"Carlos","Mercury","2019-10-06",0
917,"Arturo","Campos","2019-09-08",0
918,"Pedro","Morgan","2019-07-22",0
919,"Carlos","Mercury","2019-10-06",0
920,"Arturo","Campos","2019-09-08",0
921,"Pedro","Morgan","2019-07-22",0
922,"Carlos","Mercury","2019-10-06",0
923,"Arturo","Campos","2019-09-08",0
924,"Pedro","Morgan","2019-07-22",0
925,"Carlos","Mercury","2019-10-06",0
926,"Arturo","Campos","2019-09-08",0
927,"Pedro","Morgan","2019-07-22",0
928,"Carlos","Mercury","2019-10-06",0
929,"Arturo","Campos","2019-09-08",0
930,"Pedro","Morgan","2019-07-22",0
931,"Carlos","Mercury","2019-10-06",0
932,"Arturo","Campos","2019-09-08",0
933,"Pedro","Morgan","2019-07-22",0
934,"Carlos","Mercury","2019-10-06",0
935,"Arturo","Campos","2019-09-08",0
936,"Pedro","Morgan","2019-07-22",0
937,"Carlos","Mercury","2019-10-06",0
938,"Arturo","Campos","2019-09-08",0
939,"Pedro","Morgan","2019-07-22",0
940,"Carlos","Mercury","2019-10-06",0
941,"Arturo","Campos","2019-09-08",0
942,"Pedro","Morgan","2019-07-22",0
943,"Carlos","Mercury","2019-10-06",0
944,"Arturo","Campos","2019-09-08",0
945,"Pedro","Morgan","2019-07-22",0
946,"Carlos","Mercury","2019-10-06",0
947,"Arturo","Campos","2019-09-08",0
948,"Pedro","Morgan","2019-07-22",0
949,"Carlos","Mercury","2019-10-06",0
950,"Arturo","Campos","2019-09-08",0
951,"Pedro","Morgan","2019-07-22",0
952,"Carlos","Mercury","2019-10-06",0
953,"Arturo","Campos","2019-09-08",0
954,"Pedro","Morgan","2019-07-22",0
955,"Carlos","Mercury","2019-10-06",0
956,"Arturo","Campos","2019-09-08",0
957,"Pedro","Morgan","2019-07-22",0
958,"Carlos","Mercury","2019-10-06",0
959,"Arturo","Campos","2019-09-08",0
960,"Pedro","Morgan","2019-07-22",0
961,"Carlos","Mercury","2019-10-06",0
962,"Arturo","Campos","2019-09-08",0
963,"Pedro","Morgan","2019-07-22",0
964,"Carlos","Mercury","2019-10-06",0
965,"Arturo","Campos","2019-09-08",0
966,"Pedro","Morgan","2019-07-22",0
967,"Carlos","Mercury","2019-10-06",0
968,"Arturo","Campos","2019-09-08",0
969,"Pedro","Morgan","2019-07-22",0
970,"Carlos","Mercury","2019-10-06",0
971,"Arturo","Campos","2019-09-08",0
972,"Pedro","Morgan","2019-07-22",0
973,"Carlos","Mercury","2019-10-06",0
974,"Arturo","Campos","2019-09-08",0
975,"Pedro","Morgan","2019-07-22",0
976,"Carlos","Mercury","2019-10-06",0
977,"Arturo","Campos","2019-09-08",0
978,"Pedro","Morgan","2019-07-22",0
979,"Carlos","Mercury","2019-10-06",0
980,"Arturo","Campos","2019-09-08",0
981,"Pedro","Morgan","2019-07-22",0
982,"Carlos","Mercury","2019-10-06",0
983,"Arturo","Campos","2019-09-08",0
984,"Pedro","Morgan","2019-07-22",0
985,"Carlos","Mercury","2019-10-06",0
986,"Arturo","Campos","2019-09-08",0
987,"Pedro","Morgan","2019-07-22",0
988,"Carlos","Mercury","2019-10-06",0
989,"Arturo","Campos","2019-09-08",0
990,"Pedro","Morgan","2019-07-22",0
991,"Carlos","Mercury","2019-10-06",0
992,"Arturo","Campos","2019-09-08",0
993,"Pedro","Morgan","2019-07-22",0
994,"Carlos","Mercury","2019-10-06",0
995,"Arturo","Campos","2019-09-08",0
996,"Pedro","Morgan","2019-07-22",0
997,"Carlos","Mercury","2019-10-06",0
998,"Arturo","Campos","2019-09-08",0
999,"Pedro","Morgan","2019-07-22",0
1000,"Carlos","Mercury","2019-10-06",0
